Workbook

Sheet README
A1: 2VP — Lead Generation KPI Dashboard
A3: How this workbook is organised
A4: 1. Rate Card — set the £ price for each deliverable type. Edit once, applies everywhere.
A5: 2. Weekly Tracker — Lilia logs each deliverable as it goes live. One row per item.
A6: 3. Weekly Summary — auto-totals submitted, approved, rejected, and payable amount.
A7: 4. Monthly Roll-up — week-by-week totals to spot trends and compare months.
A8: 5. Links & Credentials — accounts, profile URLs, login info (see security warning).
A10: Workflow
A11: Mon–Sun: Lilia logs every published item in Weekly Tracker (date, type, link).
A12: Friday 17:00: Lilia closes the week. Director reviews each row, marks Approved Y/N.
A13: Saturday: Director confirms Total Payable on the Weekly Summary tab. Payment released.
A15: Counting rules
... A22: This sheet is a TEMPLATE only — leave the password column blank in any committed copy.

Sheet Rate Card
A1: Rate Card — set £ rate per deliverable
A2: Key | B2: Item | C2: Platform | D2: Rate (£)
A3: IG-POST | B3: Post | C3: Instagram
A4: IG-REEL | B4: Reel | C4: Instagram
A5: IG-STORY | B5: Stories set | C5: Instagram
A6: FB-POST | B6: Post | C6: Facebook
A7: FB-REEL | B7: Reel | C7: Facebook
A8: FB-STORY | B8: Stories set | C8: Facebook
A9: TT-VIDEO | B9: Video | C9: TikTok
A10: GMB-POST | B10: GMB Post (per location) | C10: Google My Business
A11: LP | B11: Landing Page (location + service) | C11: Website
A13: Edit Rate (£) column only. Keys are referenced by the Weekly Tracker.

Sheet Weekly Tracker
A1: Weekly Tracker — log every published deliverable
A2: Week starting (Mon):
A4: Date | B4: Day | C4: Key | D4: Item (auto) | E4: Platform (auto) | F4: Link / Proof | G4: Rate £ (auto) | H4: Approved Y/N | I4: Pays £ | J4: Notes
B5: =IF(A5="","",TEXT(A5,"ddd")) | D5: =IFERROR(IF(C5="","",VLOOKUP(C5,'Rate Card'!A:D,2,FALSE)),"") | E5: =IFERROR(IF(C5="","",VLOOKUP(C5,'Rate Card'!A:D,3,FALSE)),"") | G5: =IFERROR(IF(C5="","",VLOOKUP(C5,'Rate Card'!A:D,4,FALSE)),"") | I5: =IF(AND(UPPER(H5)="Y",ISNUMBER(G5)),G5,0)
B6: =IF(A6="","",TEXT(A6,"ddd")) | D6: =IFERROR(IF(C6="","",VLOOKUP(C6,'Rate Card'!A:D,2,FALSE)),"") | E6: =IFERROR(IF(C6="","",VLOOKUP(C6,'Rate Card'!A:D,3,FALSE)),"") | G6: =IFERROR(IF(C6="","",VLOOKUP(C6,'Rate Card'!A:D,4,FALSE)),"") | I6: =IF(AND(UPPER(H6)="Y",ISNUMBER(G6)),G6,0)
B7: =IF(A7="","",TEXT(A7,"ddd")) | D7: =IFERROR(IF(C7="","",VLOOKUP(C7,'Rate Card'!A:D,2,FALSE)),"") | E7: =IFERROR(IF(C7="","",VLOOKUP(C7,'Rate Card'!A:D,3,FALSE)),"") | G7: =IFERROR(IF(C7="","",VLOOKUP(C7,'Rate Card'!A:D,4,FALSE)),"") | I7: =IF(AND(UPPER(H7)="Y",ISNUMBER(G7)),G7,0)
B8: =IF(A8="","",TEXT(A8,"ddd")) | D8: =IFERROR(IF(C8="","",VLOOKUP(C8,'Rate Card'!A:D,2,FALSE)),"") | E8: =IFERROR(IF(C8="","",VLOOKUP(C8,'Rate Card'!A:D,3,FALSE)),"") | G8: =IFERROR(IF(C8="","",VLOOKUP(C8,'Rate Card'!A:D,4,FALSE)),"") | I8: =IF(AND(UPPER(H8)="Y",ISNUMBER(G8)),G8,0)
B9: =IF(A9="","",TEXT(A9,"ddd")) | D9: =IFERROR(IF(C9="","",VLOOKUP(C9,'Rate Card'!A:D,2,FALSE)),"") | E9: =IFERROR(IF(C9="","",VLOOKUP(C9,'Rate Card'!A:D,3,FALSE)),"") | G9: =IFERROR(IF(C9="","",VLOOKUP(C9,'Rate Card'!A:D,4,FALSE)),"") | I9: =IF(AND(UPPER(H9)="Y",ISNUMBER(G9)),G9,0)
B10: =IF(A10="","",TEXT(A10,"ddd")) | D10: =IFERROR(IF(C10="","",VLOOKUP(C10,'Rate Card'!A:D,2,FALSE)),"") | E10: =IFERROR(IF(C10="","",VLOOKUP(C10,'Rate Card'!A:D,3,FALSE)),"") | G10: =IFERROR(IF(C10="","",VLOOKUP(C10,'Rate Card'!A:D,4,FALSE)),"") | I10: =IF(AND(UPPER(H10)="Y",ISNUMBER(G10)),G10,0)
B11: =IF(A11="","",TEXT(A11,"ddd")) | D11: =IFERROR(IF(C11="","",VLOOKUP(C11,'Rate Card'!A:D,2,FALSE)),"") | E11: =IFERROR(IF(C11="","",VLOOKUP(C11,'Rate Card'!A:D,3,FALSE)),"") | G11: =IFERROR(IF(C11="","",VLOOKUP(C11,'Rate Card'!A:D,4,FALSE)),"") | I11: =IF(AND(UPPER(H11)="Y",ISNUMBER(G11)),G11,0)
B12: =IF(A12="","",TEXT(A12,"ddd")) | D12: =IFERROR(IF(C12="","",VLOOKUP(C12,'Rate Card'!A:D,2,FALSE)),"") | E12: =IFERROR(IF(C12="","",VLOOKUP(C12,'Rate Card'!A:D,3,FALSE)),"") | G12: =IFERROR(IF(C12="","",VLOOKUP(C12,'Rate Card'!A:D,4,FALSE)),"") | I12: =IF(AND(UPPER(H12)="Y",ISNUMBER(G12)),G12,0)
B13: =IF(A13="","",TEXT(A13,"ddd")) | D13: =IFERROR(IF(C13="","",VLOOKUP(C13,'Rate Card'!A:D,2,FALSE)),"") | E13: =IFERROR(IF(C13="","",VLOOKUP(C13,'Rate Card'!A:D,3,FALSE)),"") | G13: =IFERROR(IF(C13="","",VLOOKUP(C13,'Rate Card'!A:D,4,FALSE)),"") | I13: =IF(AND(UPPER(H13)="Y",ISNUMBER(G13)),G13,0)
B14: =IF(A14="","",TEXT(A14,"ddd")) | D14: =IFERROR(IF(C14="","",VLOOKUP(C14,'Rate Card'!A:D,2,FALSE)),"") | E14: =IFERROR(IF(C14="","",VLOOKUP(C14,'Rate Card'!A:D,3,FALSE)),"") | G14: =IFERROR(IF(C14="","",VLOOKUP(C14,'Rate Card'!A:D,4,FALSE)),"") | I14: =IF(AND(UPPER(H14)="Y",ISNUMBER(G14)),G14,0)
B15: =IF(A15="","",TEXT(A15,"ddd")) | D15: =IFERROR(IF(C15="","",VLOOKUP(C15,'Rate Card'!A:D,2,FALSE)),"") | E15: =IFERROR(IF(C15="","",VLOOKUP(C15,'Rate Card'!A:D,3,FALSE)),"") | G15: =IFERROR(IF(C15="","",VLOOKUP(C15,'Rate Card'!A:D,4,FALSE)),"") | I15: =IF(AND(UPPER(H15)="Y",ISNUMBER(G15)),G15,0)
B16: =IF(A16="","",TEXT(A16,"ddd")) | D16: =IFERROR(IF(C16="","",VLOOKUP(C16,'Rate Card'!A:D,2,FALSE)),"") | E16: =IFERROR(IF(C16="","",VLOOKUP(C16,'Rate Card'!A:D,3,FALSE)),"") | G16: =IFERROR(IF(C16="","",VLOOKUP(C16,'Rate Card'!A:D,4,FALSE)),"") | I16: =IF(AND(UPPER(H16)="Y",ISNUMBER(G16)),G16,0)
... B64: =IF(A64="","",TEXT(A64,"ddd")) | D64: =IFERROR(IF(C64="","",VLOOKUP(C64,'Rate Card'!A:D,2,FALSE)),"") | E64: =IFERROR(IF(C64="","",VLOOKUP(C64,'Rate Card'!A:D,3,FALSE)),"") | G64: =IFERROR(IF(C64="","",VLOOKUP(C64,'Rate Card'!A:D,4,FALSE)),"") | I64: =IF(AND(UPPER(H64)="Y",ISNUMBER(G64)),G64,0)
A66: TOTALS | G66: =SUMPRODUCT((G5:G64<>"")*1) | H66: =COUNTIF(H5:H64,"Y") | I66: =SUM(I5:I64) | J66: Items submitted | Approved | Total payable

Sheet Weekly Summary
A1: Weekly Summary — Director sign-off
A3: Week # | B3: Week Start | C3: Items Submitted | D3: Items Approved | E3: Total Payable £ | F3: Paid Y/N
A4: W1
A5: W2
A6: W3
A7: W4
A8: W5
A9: W6
A10: W7
A11: W8
A12: W9
A13: W10
A14: W11
A15: W12
A17: Fill this each Friday after reviewing the Weekly Tracker. Copy totals from the tracker bottom row.

Sheet Monthly Roll-up
A1: Monthly Roll-up
A3: Month | B3: Weeks Reported | C3: Items Approved | D3: Total Paid £ | E3: Avg / Week £ | F3: Notes
A4: Month 1 | E4: =IFERROR(D4/B4,"")
A5: Month 2 | E5: =IFERROR(D5/B5,"")
A6: Month 3 | E6: =IFERROR(D6/B6,"")
A7: Month 4 | E7: =IFERROR(D7/B7,"")
A8: Month 5 | E8: =IFERROR(D8/B8,"")
A9: Month 6 | E9: =IFERROR(D9/B9,"")

Sheet Links & Credentials
A1: Links & Credentials
A2: DO NOT COMMIT REAL PASSWORDS TO GIT. Use 1Password / Bitwarden for actual credential storage. This template should remain blank in the password column when committed.
A4: Public profile links (safe to share)
A5: Service | B5: URL | C5: Handle / Page name | D5: Notes | E5: Owner | F5: Last Updated
A6: 2VP Website
A7: Instagram
A8: Facebook page
A9: TikTok
A10: Google My Business
A11: YouTube (if any)
A12: LinkedIn (company)
A15: Credentials (LEAVE BLANK in committed copy)
A16: Service | B16: Login URL | C16: Username / Email | D16: Password | E16: 2FA method | F16: Last Updated
A17: Website admin (WordPress / CMS) | D17: (blank — store in password manager)
A18: Hosting panel | D18: (blank — store in password manager)
A19: Domain registrar | D19: (blank — store in password manager)
A20: Instagram | D20: (blank — store in password manager)
A21: Facebook page | D21: (blank — store in password manager)
A22: TikTok | D22: (blank — store in password manager)
A23: Google My Business | D23: (blank — store in password manager)
A24: Google Workspace / email | D24: (blank — store in password manager)
A25: Certatech account | D25: (blank — store in password manager)
A26: Snap Website account | D26: (blank — store in password manager)
A27: Ad accounts (Google Ads) | D27: (blank — store in password manager)
A28: Ad accounts (Meta Ads) | D28: (blank — store in password manager)
